.gitconfig	72
.htaccess	4880
.node/npmrc12	41
.node/npmrc14	41
.node/npmrc15	41
.node/npmrc16	41
.node/npmrc17	41
.node/npmrc18	41
.node/npmrc19	41
.node/npmrc20	41
.node/npmrc22	41
.node/npmrc24	41
.private/.htaccess	36
.private/66-600-security-config.php	621
Konfiguracja.xml	252663
PDF/.htaccess	260
PDF/assets/css/pdf-viewer.css	17780
PDF/assets/js/pdf-viewer.js	34303
PDF/demo.pdf	575461
PDF/index.php	1080
PDF/pagespeed_14-07.pdf	575461
PDF/test.pdf	847
about.php	4936
ad.php	155
admin/.htaccess	209
admin/ads/add.php	160
admin/ads/categories.php	167
admin/ads/delete.php	163
admin/ads/edit.php	161
admin/ads/homepage-order.php	171
admin/ads/index.php	162
admin/ads/toggle.php	163
admin/blog/add.php	162
admin/blog/categories.php	169
admin/blog/comments.php	167
admin/blog/delete.php	165
admin/blog/edit.php	163
admin/blog/index.php	164
admin/blog/toggle.php	165
admin/calendar.php	5731
admin/dashboard.php	13309
admin/includes/.htaccess	81
admin/includes/admin-header.php	14738
admin/index.php	326
admin/login.php	7290
admin/logout.php	262
admin/menu.php	5372
admin/poll-results.php	2768
admin/polls.php	16528
admin/pulse.php	3686
admin/upload.php	1551
assets/css/admin.css	45557
assets/css/calendar.css	15588
assets/css/fonts.css	3211
assets/css/style.css	111782
assets/fonts/inter/inter-latin-400-normal.woff	30696
assets/fonts/inter/inter-latin-400-normal.woff2	23664
assets/fonts/inter/inter-latin-500-normal.woff	31284
assets/fonts/inter/inter-latin-500-normal.woff2	24272
assets/fonts/inter/inter-latin-600-normal.woff	31260
assets/fonts/inter/inter-latin-600-normal.woff2	24452
assets/fonts/inter/inter-latin-700-normal.woff	31320
assets/fonts/inter/inter-latin-700-normal.woff2	24356
assets/fonts/inter/inter-latin-800-normal.woff	31296
assets/fonts/inter/inter-latin-800-normal.woff2	24400
assets/fonts/inter/inter-latin-ext-400-normal.woff	47560
assets/fonts/inter/inter-latin-ext-400-normal.woff2	35000
assets/fonts/inter/inter-latin-ext-500-normal.woff	48492
assets/fonts/inter/inter-latin-ext-500-normal.woff2	36024
assets/fonts/inter/inter-latin-ext-600-normal.woff	48668
assets/fonts/inter/inter-latin-ext-600-normal.woff2	36260
assets/fonts/inter/inter-latin-ext-700-normal.woff	48632
assets/fonts/inter/inter-latin-ext-700-normal.woff2	36244
assets/fonts/inter/inter-latin-ext-800-normal.woff	48592
assets/fonts/inter/inter-latin-ext-800-normal.woff2	36128
assets/fonts/orbitron/orbitron-latin-900-normal.woff	8404
assets/fonts/orbitron/orbitron-latin-900-normal.woff2	6400
assets/hero/krosno-intro-poster.svg	3772
assets/hero/krosno-intro.html	63866
assets/images/badge-duma_miasta.svg	106192
assets/images/herb-most.avif	160647
assets/images/herb-most.jpg	148567
assets/images/hero/ad.php.avif	53155
assets/images/hero/ad.php.jpg	150996
assets/images/hero/blog.avif	53155
assets/images/hero/blog.jpg	150996
assets/images/hero/herb-most.avif	248372
assets/images/hero/herb-most.jpg	348310
assets/images/icons/apple-touch-icon-120x120.png	5779
assets/images/icons/apple-touch-icon-152x152.png	7061
assets/images/icons/apple-touch-icon-167x167.png	8965
assets/images/icons/apple-touch-icon-180x180.png	8965
assets/images/icons/apple-touch-icon-57x57.png	1950
assets/images/icons/apple-touch-icon-60x60.png	2990
assets/images/icons/apple-touch-icon-72x72.png	7308
assets/images/icons/apple-touch-icon-76x76.png	2990
assets/images/icons/favicon-16x16.png	978
assets/images/icons/favicon-32x32.png	1340
assets/images/icons/favicon-48x48.png	1950
assets/images/icons/favicon.ico	15342
assets/images/icons/favicon.svg	55928
assets/images/icons/icon-128x128.png	5779
assets/images/icons/icon-144x144.png	6530
assets/images/icons/icon-152x152.png	7061
assets/images/icons/icon-16x16.png	978
assets/images/icons/icon-180x180.png	8965
assets/images/icons/icon-192x192.png	9804
assets/images/icons/icon-32x32.png	1340
assets/images/icons/icon-384x384.png	27869
assets/images/icons/icon-48x48.png	1950
assets/images/icons/icon-512x512.png	41750
assets/images/icons/icon-72x72.png	2990
assets/images/icons/icon-96x96.png	4001
assets/images/icons/icon-maskable-192x192.png	9804
assets/images/icons/icon-maskable-512x512.png	41750
assets/images/icons/icon-monochrome.svg	55928
assets/images/icons/icon.svg	55928
assets/images/icons/mstile-150x150.png	22686
assets/images/icons/safari-pinned-tab.svg	55928
assets/js/ad-profile.js	2027
assets/js/admin.js	7763
assets/js/calendar.js	11513
assets/js/chronicle-interactions.js	11038
assets/js/contact.js	4574
assets/js/main.js	20789
assets/js/poll.js	3718
assets/js/prelaunch-notice.js	2272
assets/js/pulse.js	9957
assets/js/pwa-install.js	1344
assets/js/share.js	5769
assets/js/submission-modal.js	7949
assets/js/submit-ad.js	5872
assets/js/weather.js	1869
assets/pulse/pulse-ticker.html	7929
assets/uploads/.htaccess	205
assets/uploads/04a10578ddac8c0c43a8f09f.jpg	87243
assets/uploads/0f6ac8bcb779e19719ed2c642b20a171-share.jpg	439950
assets/uploads/0f6ac8bcb779e19719ed2c642b20a171.avif	247604
assets/uploads/0f6ac8bcb779e19719ed2c642b20a171.jpg	305981
assets/uploads/148d40949e768cd6c152f82a.jpg	358589
assets/uploads/17407e548b5948bea7bc606d.avif	84433
assets/uploads/17407e548b5948bea7bc606d.jpg	125000
assets/uploads/18474e22f24c66dbb493f437.jpg	342912
assets/uploads/18ac718a2918ebd55b23b26c.png	379623
assets/uploads/1932757d5808dddcd54ab25e.jpg	311057
assets/uploads/2414f8cec09ebb7fdaa4f870.jpg	296046
assets/uploads/24fb8e086ea452d2fd9de53e.avif	100162
assets/uploads/24fb8e086ea452d2fd9de53e.jpg	145127
assets/uploads/32b04896861448aaa8f7e1a3.jpg	243796
assets/uploads/33a226ddd47830f3457028cb.jpg	456196
assets/uploads/403d81a7e3f01498bb5d71c3.avif	84433
assets/uploads/403d81a7e3f01498bb5d71c3.jpg	125000
assets/uploads/46748ccf45d1b0610e82c1de7d0ec4ae.avif	192418
assets/uploads/46748ccf45d1b0610e82c1de7d0ec4ae.jpg	259685
assets/uploads/487fdac611cd63fc17d8ded5.jpg	302375
assets/uploads/4970a1968d419027645fe180.jpg	283062
assets/uploads/51b7eedbc7264ab47767f6b0cff4b8bc.avif	264819
assets/uploads/51b7eedbc7264ab47767f6b0cff4b8bc.jpg	327849
assets/uploads/5a38a0ccbfaed895b525dd63.png	218451
assets/uploads/61ae70638b69a74e1470fad6.avif	123801
assets/uploads/61ae70638b69a74e1470fad6.jpg	196393
assets/uploads/61f647d4e90dfdd291597cc1.jpg	1324253
assets/uploads/682ccf9ce827b8c15949d432.png	356774
assets/uploads/6a7b293308ab5-share.jpg	80763
assets/uploads/6a7b293308ab5.jpg	66368
assets/uploads/6a7b2933093a8.jpg	66368
assets/uploads/6a7b2b2d09619.png	3834
assets/uploads/6a7b2d4e5c9d2.webp	15902
assets/uploads/6a7b5635c795d.jpg	9284
assets/uploads/6a7b58216dcc4.jpg	87771
assets/uploads/6a7b58216e80f.jpg	27319
assets/uploads/6a7b5ba541340.webp	117474
assets/uploads/6a7b5ba542309.webp	186230
assets/uploads/6a7b5ea407bf3.jpg	21472
assets/uploads/6a7b5ea408530.jpg	40597
assets/uploads/6a7b5ea408d5e.jpg	151907
assets/uploads/6a7b5ea40958e.jpg	83952
assets/uploads/6a7b97a43845f.webp	25340
assets/uploads/6a7b9e70d5608.jpg	130970
assets/uploads/6c7b1534ef2eee2999dda8fd.jpg	265345
assets/uploads/705698c3910ba41ed0a8b2f5.jpg	231945
assets/uploads/79a96aaae5299e4fa0c2a0da.jpg	1303809
assets/uploads/7d28ade5d010e14a6b8918a8203bc39d.avif	196608
assets/uploads/9520c284971a19a3d48de5ff.jpg	467017
assets/uploads/978ea5d7595e4d5fead97d92.avif	123801
assets/uploads/978ea5d7595e4d5fead97d92.jpg	196393
assets/uploads/a9693a83f7920b01367c0cd832e8bd76.avif	270813
assets/uploads/a9693a83f7920b01367c0cd832e8bd76.jpg	316471
assets/uploads/ad5cb5c66a7c7ef7bf55dd09.jpg	423727
assets/uploads/aeb0fbb272a7d4ca0708b912.jpg	228142
assets/uploads/b556c95b1e308341ed9b2d78.jpg	277863
assets/uploads/b8a934f7db8a11b310a1960d.jpg	57915
assets/uploads/c3bee61d02a45d146f34946a.avif	197234
assets/uploads/c3bee61d02a45d146f34946a.jpg	338948
assets/uploads/category-icons/.htaccess	314
assets/uploads/category-icons/0783cb65be5c54644af81fba103e2a78.svg	1613
assets/uploads/category-icons/4fa05639db7f90fdef30d5fd7a48c80d.svg	688
assets/uploads/category-icons/63453768b063e6c160f6de08afba75b2.svg	423
assets/uploads/category-icons/6ac80fd2be3c17a1fb2e85a2ee949ed2.svg	907
assets/uploads/category-icons/6fa078a9e1ea9936807519d0ec932eb8.svg	580
assets/uploads/category-icons/cc6fe030059dca72e6ae52a7b3cbcb3d.svg	317
assets/uploads/category-icons/de6cae3a78dbab6896bf26f8a1ea8de2.svg	512
assets/uploads/d5bd009af586e4736437a35b.avif	13024
assets/uploads/d5bd009af586e4736437a35b.jpg	66418
assets/uploads/d62b75de0f3a60e5aed129b3.png	486
assets/uploads/d99c86d544f33aff0519378a.jpg	297334
assets/uploads/e7c4716c546b71204ed0c4eb.jpg	278738
assets/uploads/e7cab000e4e78bf1ca721dd1.png	831230
assets/uploads/e7f48ce8f0a5e7d735068513.jpg	66134
assets/uploads/e9f14134afd6cb1e69357884.jpg	359434
assets/uploads/ed1d6632aaeb9eaaf39657be.jpg	306561
assets/uploads/efba12c99757cfc177ea514e.png	396763
assets/uploads/f49c3748c5bba3e4a957d8f7.jpg	1638214
assets/uploads/miniaturka_dodaj_ogl.avif	30111
assets/uploads/odra-odrak-2026-0-share.jpg	369117
assets/uploads/odra-odrak-2026-0.avif	188909
assets/uploads/odra-odrak-2026-0.jpg	248213
assets/uploads/odra-odrak-2026-1.avif	183422
assets/uploads/odra-odrak-2026-1.jpg	261303
assets/uploads/odra-odrak-2026-2.avif	103018
assets/uploads/odra-odrak-2026-2.jpg	170124
assets/uploads/odra-odrak-2026-3.avif	256684
assets/uploads/odra-odrak-2026-3.jpg	327511
assets/uploads/odra-odrak-2026-4.avif	152580
assets/uploads/odra-odrak-2026-4.jpg	245310
assets/uploads/post-nowe-inwestycje-w-miescie-share.jpg	166505
assets/uploads/post-nowe-inwestycje-w-miescie.jpg	106999
assets/uploads/post-parki-i-tereny-rekreacyjne-share.jpg	166505
assets/uploads/post-parki-i-tereny-rekreacyjne.jpg	106999
assets/uploads/thumbs/04a10578ddac8c0c43a8f09f-w480.jpg	56145
assets/uploads/thumbs/04a10578ddac8c0c43a8f09f-w768.jpg	126751
assets/uploads/thumbs/0f6ac8bcb779e19719ed2c642b20a171-w480.avif	18901
assets/uploads/thumbs/0f6ac8bcb779e19719ed2c642b20a171-w480.jpg	41420
assets/uploads/thumbs/0f6ac8bcb779e19719ed2c642b20a171-w768.avif	41649
assets/uploads/thumbs/0f6ac8bcb779e19719ed2c642b20a171-w768.jpg	95531
assets/uploads/thumbs/148d40949e768cd6c152f82a-w480.jpg	29988
assets/uploads/thumbs/148d40949e768cd6c152f82a-w768.jpg	70084
assets/uploads/thumbs/18474e22f24c66dbb493f437-w480.jpg	31866
assets/uploads/thumbs/18474e22f24c66dbb493f437-w768.jpg	74339
assets/uploads/thumbs/1932757d5808dddcd54ab25e-w480.jpg	27520
assets/uploads/thumbs/1932757d5808dddcd54ab25e-w768.jpg	63388
assets/uploads/thumbs/2414f8cec09ebb7fdaa4f870-w480.jpg	22547
assets/uploads/thumbs/2414f8cec09ebb7fdaa4f870-w768.jpg	52995
assets/uploads/thumbs/32b04896861448aaa8f7e1a3-w480.jpg	36942
assets/uploads/thumbs/32b04896861448aaa8f7e1a3-w768.jpg	88135
assets/uploads/thumbs/33a226ddd47830f3457028cb-w480.jpg	31296
assets/uploads/thumbs/33a226ddd47830f3457028cb-w768.jpg	80831
assets/uploads/thumbs/468336bf95d1abdf52de8a6b-w480.jpg	44702
assets/uploads/thumbs/468336bf95d1abdf52de8a6b-w768.jpg	94692
assets/uploads/thumbs/487fdac611cd63fc17d8ded5-w480.jpg	26142
assets/uploads/thumbs/487fdac611cd63fc17d8ded5-w768.jpg	60800
assets/uploads/thumbs/4970a1968d419027645fe180-w480.jpg	24840
assets/uploads/thumbs/4970a1968d419027645fe180-w768.jpg	58658
assets/uploads/thumbs/61f647d4e90dfdd291597cc1-w480.jpg	20215
assets/uploads/thumbs/61f647d4e90dfdd291597cc1-w768.jpg	41753
assets/uploads/thumbs/6a7b9e70d5608-w480.avif	10998
assets/uploads/thumbs/6a7b9e70d5608-w480.jpg	25551
assets/uploads/thumbs/6a7b9e70d5608-w768.avif	0
assets/uploads/thumbs/6c7b1534ef2eee2999dda8fd-w480.jpg	14252
assets/uploads/thumbs/6c7b1534ef2eee2999dda8fd-w768.jpg	34120
assets/uploads/thumbs/705698c3910ba41ed0a8b2f5-w480.jpg	20673
assets/uploads/thumbs/705698c3910ba41ed0a8b2f5-w768.jpg	48330
assets/uploads/thumbs/70bed289303d9c6951fc7b7e-w480.jpg	44702
assets/uploads/thumbs/70bed289303d9c6951fc7b7e-w768.jpg	94692
assets/uploads/thumbs/79a96aaae5299e4fa0c2a0da-w480.jpg	17667
assets/uploads/thumbs/79a96aaae5299e4fa0c2a0da-w768.jpg	35986
assets/uploads/thumbs/9520c284971a19a3d48de5ff-w480.jpg	37082
assets/uploads/thumbs/9520c284971a19a3d48de5ff-w768.jpg	92574
assets/uploads/thumbs/ad5cb5c66a7c7ef7bf55dd09-w480.jpg	34691
assets/uploads/thumbs/ad5cb5c66a7c7ef7bf55dd09-w768.jpg	86649
assets/uploads/thumbs/aeb0fbb272a7d4ca0708b912-w480.jpg	20206
assets/uploads/thumbs/aeb0fbb272a7d4ca0708b912-w768.jpg	47148
assets/uploads/thumbs/b556c95b1e308341ed9b2d78-w480.jpg	21285
assets/uploads/thumbs/b556c95b1e308341ed9b2d78-w768.jpg	51380
assets/uploads/thumbs/b8a934f7db8a11b310a1960d-w480.jpg	38345
assets/uploads/thumbs/b8a934f7db8a11b310a1960d-w768.jpg	85464
assets/uploads/thumbs/ca215f3339bc51af7eacf4af-w480.jpg	44702
assets/uploads/thumbs/ca215f3339bc51af7eacf4af-w768.jpg	94692
assets/uploads/thumbs/d99c86d544f33aff0519378a-w480.jpg	22686
assets/uploads/thumbs/d99c86d544f33aff0519378a-w768.jpg	53843
assets/uploads/thumbs/e7c4716c546b71204ed0c4eb-w480.jpg	41529
assets/uploads/thumbs/e7c4716c546b71204ed0c4eb-w768.jpg	95338
assets/uploads/thumbs/e7f48ce8f0a5e7d735068513-w480.jpg	37364
assets/uploads/thumbs/e9f14134afd6cb1e69357884-w480.jpg	62296
assets/uploads/thumbs/e9f14134afd6cb1e69357884-w768.jpg	139725
assets/uploads/thumbs/ed1d6632aaeb9eaaf39657be-w480.jpg	55862
assets/uploads/thumbs/ed1d6632aaeb9eaaf39657be-w768.jpg	134213
assets/uploads/thumbs/f49c3748c5bba3e4a957d8f7-w480.jpg	27034
assets/uploads/thumbs/f49c3748c5bba3e4a957d8f7-w768.jpg	59165
assets/uploads/thumbs/odra-odrak-2026-0-w480.avif	11774
assets/uploads/thumbs/odra-odrak-2026-0-w480.jpg	26354
assets/uploads/thumbs/odra-odrak-2026-0-w768.avif	28640
assets/uploads/thumbs/odra-odrak-2026-0-w768.jpg	64011
assets/uploads/thumbs/post-parki-i-tereny-rekreacyjne-w480.jpg	15735
assets/uploads/thumbs/post-parki-i-tereny-rekreacyjne-w768.jpg	29564
auth/delete-ad.php	677
auth/delete-post.php	684
auth/edit-ad.php	7265
auth/edit-post.php	4983
auth/index.php	151
auth/lib.php	11865
auth/login.php	4644
auth/logout.php	379
auth/my.php	4186
auth/register.php	4632
auth/schema.sql	1496
blog.php	169
browserconfig.xml	242
calendar-api.php	93
calendar.php	6746
category.php	161
chatroom/.htaccess	562
chatroom/api/accept-terms.php	469
chatroom/api/bootstrap.php	468
chatroom/api/claim-nickname.php	1824
chatroom/api/feed.php	991
chatroom/api/image.php	1379
chatroom/api/join.php	699
chatroom/api/login-account.php	748
chatroom/api/mark-read.php	373
chatroom/api/moderate.php	8011
chatroom/api/private.php	3589
chatroom/api/register-account.php	1046
chatroom/api/send.php	2627
chatroom/api/unread.php	350
chatroom/assets/chat.css	21737
chatroom/assets/chat.js	41915
chatroom/assets/permanent-badge.png	15248
chatroom/assets/theme-init.js	461
chatroom/cron/cleanup-images.php	890
chatroom/includes/.gitignore	18
chatroom/includes/bootstrap.php	40279
chatroom/includes/room.php	5509
chatroom/index.php	10898
chatroom/uploads/.htaccess	196
chronicle-interactions.php	184
contact.php	2935
core/schema.sql	5228
cron/.htaccess	139
cron/update_weather.php	4340
database.sql	54079
favicon.ico	13038
includes/config.php	11025
includes/footer.php	10280
includes/functions.php	93950
includes/header.php	30256
includes/pulse.php	8399
index.php	16588
manifest.json	2141
modules/ads/admin/add.php	20522
modules/ads/admin/categories.php	33080
modules/ads/admin/delete.php	1064
modules/ads/admin/edit.php	27042
modules/ads/admin/homepage-order.php	7118
modules/ads/admin/index.php	24809
modules/ads/admin/toggle.php	2862
modules/ads/contract.php	934
modules/ads/routes/ad.php	11304
modules/ads/routes/category.php	7525
modules/ads/routes/submit-ad.php	18333
modules/ads/schema.sql	2663
modules/blog/admin/add.php	16768
modules/blog/admin/add.php.bak-20260924193236	16768
modules/blog/admin/categories.php	29198
modules/blog/admin/comments.php	5016
modules/blog/admin/delete.php	1059
modules/blog/admin/edit.php	24995
modules/blog/admin/index.php	22777
modules/blog/admin/toggle.php	2792
modules/calendar/contract.php	6109
modules/calendar/routes/events.php	7646
modules/chronicle/contract.php	856
modules/chronicle/routes/blog.php	9594
modules/chronicle/routes/chronicle-interactions.php	2283
modules/chronicle/routes/post.php	15863
modules/chronicle/routes/submit-post.php	12756
modules/chronicle/schema.sql	4127
pdf.pdf	102257502
poker/.htaccess	1397
poker/README.md	17419
poker/api.php	12188
poker/assets/app.js	61019
poker/assets/style.css	64914
poker/assets/theme.js	2169
poker/cleanup.php	877
poker/config.php	296
poker/includes/.htaccess	198
poker/includes/bootstrap.php	54899
poker/includes/index.php	31
poker/includes/site_bridge.php	19573
poker/includes/szu.php	43842
poker/includes/szu_preflop.php	9062
poker/index.php	17046
poker/install.php	14064
poll-vote.php	1612
post.php	169
privacy-policy.php	12598
pulse-api.php	571
pulse-submit.php	2490
pulse.php	2841
robots.php	773
robots.txt	353
session/.htaccess	19
session/sess_2efikhdfus3jbrrdrm53hdi8iu	0
session/sess_44savi90adaiqselovhlj3ttj6	0
session/sess_462nq9b2m4cujk0qq6s7hrpk28	168
session/sess_4btj9ia7ml9ftr7qnjidlfabc9	0
session/sess_4cjeiumj2e790390praig2snfc	168
session/sess_5ecefebdfq2l1me2t2pcqinelm	0
session/sess_8fnajc1v1q496tu0amn6fe3esr	168
session/sess_b5ug02et3q50ouhg6fjh21584l	168
session/sess_c3fun7l2o37u8j5bostnnbolgm	168
session/sess_c56c6h7c2ks5o6iba6st41t73j	256
session/sess_cop2b7il1ar8tgf0dv1rafad9k	168
session/sess_dnqsmmilhq6immq96o431jkeub	168
session/sess_eb4r0qgueqeapq38o092npgq3d	168
session/sess_ebrr2ep44k10i6o1fbpkhho8id	0
session/sess_eckle3o5qbhfnc4vf88binckl5	168
session/sess_fgli886f1u04egnujn0iu8c42n	0
session/sess_fi4cale0g3t0256bqklbqc4v74	168
session/sess_hcft16lqu2af4tnttmoah5hbk6	168
session/sess_jtnb50slmjjvs29d593jurva9i	168
session/sess_l2rt4d4t87r5dgo6498637kjb2	168
session/sess_mgtb40ppbq4tc8fp9jg0v62m3v	0
session/sess_mgv6pd6o7g67lqbeis9s7kkl90	0
session/sess_nsa671hk4in2mac1sovm5m161c	168
session/sess_nuav6kuoe34golu6d8drk0gfud	168
session/sess_r9oarm0rnl780ctp4vk755hh4i	168
session/sess_rp8nhdmnk8hq96605hvudnjhaf	168
session/sess_t8lv5gi69ocj4njudtkjeb767i	168
session/sess_ts6giqlilr5g39klh75rpbthem	567
session/sess_uuf5mvegad1qk1gnmun8eo2uhg	168
sitemap.php	906
snupi.mp3	3488124
staging-66600-20260923/.dockerignore	133
staging-66600-20260923/.env.example	552
staging-66600-20260923/.htaccess	125
staging-66600-20260923/DEPLOYMENT-RUNBOOK.md	3930
staging-66600-20260923/DOCKER.md	1683
staging-66600-20260923/Dockerfile	574
staging-66600-20260923/INSTALL.md	2712
staging-66600-20260923/MIGRATION.md	2304
staging-66600-20260923/PACKAGE-MANIFEST.tsv	24197
staging-66600-20260923/PRZECZYTAJ-WDROZENIE.md	2180
staging-66600-20260923/README.md	1160
staging-66600-20260923/RELEASE-CHECKLIST.md	1917
staging-66600-20260923/ROLLBACK-CHECKLIST.md	1314
staging-66600-20260923/ROLLBACK.md	1900
staging-66600-20260923/SERVER-REQUIREMENTS.md	1122
staging-66600-20260923/SHA256SUMS.txt	23191
staging-66600-20260923/about.php	4936
staging-66600-20260923/ad.php	155
staging-66600-20260923/admin/.htaccess	209
staging-66600-20260923/admin/ads/add.php	160
staging-66600-20260923/admin/ads/categories.php	167
staging-66600-20260923/admin/ads/delete.php	163
staging-66600-20260923/admin/ads/edit.php	161
staging-66600-20260923/admin/ads/homepage-order.php	171
staging-66600-20260923/admin/ads/index.php	162
staging-66600-20260923/admin/ads/toggle.php	163
staging-66600-20260923/admin/blog/add.php	162
staging-66600-20260923/admin/blog/categories.php	169
staging-66600-20260923/admin/blog/comments.php	167
staging-66600-20260923/admin/blog/delete.php	165
staging-66600-20260923/admin/blog/edit.php	163
staging-66600-20260923/admin/blog/index.php	164
staging-66600-20260923/admin/blog/toggle.php	165
staging-66600-20260923/admin/calendar.php	5731
staging-66600-20260923/admin/dashboard.php	13309
staging-66600-20260923/admin/includes/.htaccess	81
staging-66600-20260923/admin/includes/admin-header.php	14738
staging-66600-20260923/admin/index.php	326
staging-66600-20260923/admin/login.php	7290
staging-66600-20260923/admin/logout.php	262
staging-66600-20260923/admin/menu.php	5363
staging-66600-20260923/admin/poll-results.php	2768
staging-66600-20260923/admin/polls.php	16528
staging-66600-20260923/admin/pulse.php	3686
staging-66600-20260923/admin/upload.php	1551
staging-66600-20260923/app/.htaccess	19
staging-66600-20260923/app/Config.php	2012
staging-66600-20260923/app/Database.php	860
staging-66600-20260923/app/Http/Escaping.php	322
staging-66600-20260923/app/Http/Response.php	710
staging-66600-20260923/app/Http/Url.php	2864
staging-66600-20260923/app/Upload/ImageUpload.php	11644
staging-66600-20260923/assets/css/admin.css	45557
staging-66600-20260923/assets/css/calendar.css	15588
staging-66600-20260923/assets/css/fonts.css	3211
staging-66600-20260923/assets/css/style.css	110446
staging-66600-20260923/assets/fonts/inter/inter-latin-400-normal.woff	30696
staging-66600-20260923/assets/fonts/inter/inter-latin-400-normal.woff2	23664
staging-66600-20260923/assets/fonts/inter/inter-latin-500-normal.woff	31284
staging-66600-20260923/assets/fonts/inter/inter-latin-500-normal.woff2	24272
staging-66600-20260923/assets/fonts/inter/inter-latin-600-normal.woff	31260
staging-66600-20260923/assets/fonts/inter/inter-latin-600-normal.woff2	24452
staging-66600-20260923/assets/fonts/inter/inter-latin-700-normal.woff	31320
staging-66600-20260923/assets/fonts/inter/inter-latin-700-normal.woff2	24356
staging-66600-20260923/assets/fonts/inter/inter-latin-800-normal.woff	31296
staging-66600-20260923/assets/fonts/inter/inter-latin-800-normal.woff2	24400
staging-66600-20260923/assets/fonts/inter/inter-latin-ext-400-normal.woff	47560
staging-66600-20260923/assets/fonts/inter/inter-latin-ext-400-normal.woff2	35000
staging-66600-20260923/assets/fonts/inter/inter-latin-ext-500-normal.woff	48492
staging-66600-20260923/assets/fonts/inter/inter-latin-ext-500-normal.woff2	36024
staging-66600-20260923/assets/fonts/inter/inter-latin-ext-600-normal.woff	48668
staging-66600-20260923/assets/fonts/inter/inter-latin-ext-600-normal.woff2	36260
staging-66600-20260923/assets/fonts/inter/inter-latin-ext-700-normal.woff	48632
staging-66600-20260923/assets/fonts/inter/inter-latin-ext-700-normal.woff2	36244
staging-66600-20260923/assets/fonts/inter/inter-latin-ext-800-normal.woff	48592
staging-66600-20260923/assets/fonts/inter/inter-latin-ext-800-normal.woff2	36128
staging-66600-20260923/assets/fonts/orbitron/orbitron-latin-900-normal.woff	8404
staging-66600-20260923/assets/fonts/orbitron/orbitron-latin-900-normal.woff2	6400
staging-66600-20260923/assets/hero/krosno-intro-poster.svg	3772
staging-66600-20260923/assets/hero/krosno-intro.html	63866
staging-66600-20260923/assets/images/badge-duma_miasta.svg	106192
staging-66600-20260923/assets/images/herb-most.avif	160647
staging-66600-20260923/assets/images/herb-most.jpg	148567
staging-66600-20260923/assets/images/hero/ad.php.avif	53155
staging-66600-20260923/assets/images/hero/ad.php.jpg	150996
staging-66600-20260923/assets/images/hero/blog.avif	53155
staging-66600-20260923/assets/images/hero/blog.jpg	150996
staging-66600-20260923/assets/images/hero/herb-most.avif	248372
staging-66600-20260923/assets/images/hero/herb-most.jpg	348310
staging-66600-20260923/assets/images/icons/apple-touch-icon-120x120.png	5779
staging-66600-20260923/assets/images/icons/apple-touch-icon-152x152.png	7061
staging-66600-20260923/assets/images/icons/apple-touch-icon-167x167.png	8965
staging-66600-20260923/assets/images/icons/apple-touch-icon-180x180.png	8965
staging-66600-20260923/assets/images/icons/apple-touch-icon-57x57.png	1950
staging-66600-20260923/assets/images/icons/apple-touch-icon-60x60.png	2990
staging-66600-20260923/assets/images/icons/apple-touch-icon-72x72.png	7308
staging-66600-20260923/assets/images/icons/apple-touch-icon-76x76.png	2990
staging-66600-20260923/assets/images/icons/favicon-16x16.png	978
staging-66600-20260923/assets/images/icons/favicon-32x32.png	1340
staging-66600-20260923/assets/images/icons/favicon-48x48.png	1950
staging-66600-20260923/assets/images/icons/favicon.ico	15342
staging-66600-20260923/assets/images/icons/favicon.svg	55928
staging-66600-20260923/assets/images/icons/icon-128x128.png	5779
staging-66600-20260923/assets/images/icons/icon-144x144.png	6530
staging-66600-20260923/assets/images/icons/icon-152x152.png	7061
staging-66600-20260923/assets/images/icons/icon-16x16.png	978
staging-66600-20260923/assets/images/icons/icon-180x180.png	8965
staging-66600-20260923/assets/images/icons/icon-192x192.png	9804
staging-66600-20260923/assets/images/icons/icon-32x32.png	1340
staging-66600-20260923/assets/images/icons/icon-384x384.png	27869
staging-66600-20260923/assets/images/icons/icon-48x48.png	1950
staging-66600-20260923/assets/images/icons/icon-512x512.png	41750
staging-66600-20260923/assets/images/icons/icon-72x72.png	2990
staging-66600-20260923/assets/images/icons/icon-96x96.png	4001
staging-66600-20260923/assets/images/icons/icon-maskable-192x192.png	9804
staging-66600-20260923/assets/images/icons/icon-maskable-512x512.png	41750
staging-66600-20260923/assets/images/icons/icon-monochrome.svg	55928
staging-66600-20260923/assets/images/icons/icon.svg	55928
staging-66600-20260923/assets/images/icons/mstile-150x150.png	22686
staging-66600-20260923/assets/images/icons/safari-pinned-tab.svg	55928
staging-66600-20260923/assets/js/ad-profile.js	2027
staging-66600-20260923/assets/js/admin.js	7763
staging-66600-20260923/assets/js/calendar.js	11513
staging-66600-20260923/assets/js/chronicle-interactions.js	8694
staging-66600-20260923/assets/js/contact.js	4574
staging-66600-20260923/assets/js/main.js	20789
staging-66600-20260923/assets/js/poll.js	3718
staging-66600-20260923/assets/js/prelaunch-notice.js	2272
staging-66600-20260923/assets/js/pulse.js	9957
staging-66600-20260923/assets/js/pwa-install.js	1344
staging-66600-20260923/assets/js/share.js	5769
staging-66600-20260923/assets/js/submission-modal.js	7949
staging-66600-20260923/assets/js/submit-ad.js	5872
staging-66600-20260923/assets/js/weather.js	1869
staging-66600-20260923/assets/pulse/pulse-ticker.html	7929
staging-66600-20260923/assets/uploads/.htaccess	1648
staging-66600-20260923/assets/uploads/category-icons/.htaccess	1250
staging-66600-20260923/auth/delete-ad.php	677
staging-66600-20260923/auth/delete-post.php	684
staging-66600-20260923/auth/edit-ad.php	7265
staging-66600-20260923/auth/edit-post.php	4983
staging-66600-20260923/auth/index.php	151
staging-66600-20260923/auth/lib.php	10421
staging-66600-20260923/auth/login.php	4644
staging-66600-20260923/auth/logout.php	379
staging-66600-20260923/auth/my.php	4186
staging-66600-20260923/auth/register.php	4632
staging-66600-20260923/blog.php	169
staging-66600-20260923/browserconfig.xml	242
staging-66600-20260923/calendar-api.php	93
staging-66600-20260923/calendar.php	6746
staging-66600-20260923/category.php	161
staging-66600-20260923/chatroom/.htaccess	562
staging-66600-20260923/chatroom/api/accept-terms.php	469
staging-66600-20260923/chatroom/api/bootstrap.php	468
staging-66600-20260923/chatroom/api/claim-nickname.php	1824
staging-66600-20260923/chatroom/api/feed.php	991
staging-66600-20260923/chatroom/api/image.php	1379
staging-66600-20260923/chatroom/api/join.php	699
staging-66600-20260923/chatroom/api/login-account.php	748
staging-66600-20260923/chatroom/api/mark-read.php	373
staging-66600-20260923/chatroom/api/moderate.php	8011
staging-66600-20260923/chatroom/api/private.php	3589
staging-66600-20260923/chatroom/api/register-account.php	1046
staging-66600-20260923/chatroom/api/send.php	2627
staging-66600-20260923/chatroom/api/unread.php	350
staging-66600-20260923/chatroom/assets/chat.css	21590
staging-66600-20260923/chatroom/assets/chat.js	40505
staging-66600-20260923/chatroom/assets/permanent-badge.png	15248
staging-66600-20260923/chatroom/assets/theme-init.js	461
staging-66600-20260923/chatroom/cron/cleanup-images.php	2059
staging-66600-20260923/chatroom/includes/.gitignore	18
staging-66600-20260923/chatroom/includes/bootstrap.php	39457
staging-66600-20260923/chatroom/includes/room.php	5509
staging-66600-20260923/chatroom/index.php	10898
staging-66600-20260923/chatroom/uploads/.htaccess	343
staging-66600-20260923/chronicle-interactions.php	184
staging-66600-20260923/config/.htaccess	19
staging-66600-20260923/config/config.example.php	1114
staging-66600-20260923/config/environments/production.env.example	575
staging-66600-20260923/config/environments/staging.env.example	540
staging-66600-20260923/contact.php	2935
staging-66600-20260923/cron/.htaccess	139
staging-66600-20260923/cron/update_weather.php	4582
staging-66600-20260923/database/migrate.php	1539
staging-66600-20260923/database/migrations/0001_security_and_runtime_tables.sql	1878
staging-66600-20260923/database/migrations/0002_schema_version_and_owners.sql	596
staging-66600-20260923/database/schema.sql	19785
staging-66600-20260923/database/seed.sql	2073
staging-66600-20260923/docker-compose.yml	1368
staging-66600-20260923/docker/apache/66600.conf	380
staging-66600-20260923/docker/php/entrypoint.sh	1096
staging-66600-20260923/docs/STAGE3-SUMMARY.md	1114
staging-66600-20260923/docs/STAGE4-SUMMARY.md	1901
staging-66600-20260923/docs/STAGE5-SUMMARY.md	1672
staging-66600-20260923/docs/STAGE7-SUMMARY.md	5592
staging-66600-20260923/docs/STAGE8-SUMMARY.md	2258
staging-66600-20260923/docs/STAGE9-SUMMARY.md	3205
staging-66600-20260923/docs/cron.md	3461
staging-66600-20260923/favicon.ico	13038
staging-66600-20260923/importer/index.php	9249
staging-66600-20260923/importer/lib/ImportRunner.php	8627
staging-66600-20260923/includes/config.php	9069
staging-66600-20260923/includes/footer.php	10280
staging-66600-20260923/includes/functions.php	91566
staging-66600-20260923/includes/header.php	28654
staging-66600-20260923/includes/pulse.php	7751
staging-66600-20260923/index.php	16588
staging-66600-20260923/installer/index.php	23628
staging-66600-20260923/installer/lib/InstallerState.php	3826
staging-66600-20260923/installer/lib/MigrationRunner.php	4890
staging-66600-20260923/installer/lib/Requirements.php	3025
staging-66600-20260923/manifest.json	2142
staging-66600-20260923/modules/ads/admin/add.php	20522
staging-66600-20260923/modules/ads/admin/categories.php	33080
staging-66600-20260923/modules/ads/admin/delete.php	1064
staging-66600-20260923/modules/ads/admin/edit.php	27042
staging-66600-20260923/modules/ads/admin/homepage-order.php	7118
staging-66600-20260923/modules/ads/admin/index.php	24809
staging-66600-20260923/modules/ads/admin/toggle.php	2862
staging-66600-20260923/modules/ads/contract.php	934
staging-66600-20260923/modules/ads/routes/ad.php	11304
staging-66600-20260923/modules/ads/routes/category.php	7525
staging-66600-20260923/modules/ads/routes/submit-ad.php	18333
staging-66600-20260923/modules/blog/admin/add.php	16766
staging-66600-20260923/modules/blog/admin/categories.php	29198
staging-66600-20260923/modules/blog/admin/comments.php	5016
staging-66600-20260923/modules/blog/admin/delete.php	1059
staging-66600-20260923/modules/blog/admin/edit.php	24995
staging-66600-20260923/modules/blog/admin/index.php	22777
staging-66600-20260923/modules/blog/admin/toggle.php	2792
staging-66600-20260923/modules/calendar/contract.php	5375
staging-66600-20260923/modules/calendar/routes/events.php	7646
staging-66600-20260923/modules/chronicle/contract.php	856
staging-66600-20260923/modules/chronicle/routes/blog.php	9594
staging-66600-20260923/modules/chronicle/routes/chronicle-interactions.php	2283
staging-66600-20260923/modules/chronicle/routes/post.php	15863
staging-66600-20260923/modules/chronicle/routes/submit-post.php	12756
staging-66600-20260923/poll-vote.php	1612
staging-66600-20260923/post.php	169
staging-66600-20260923/privacy-policy.php	12598
staging-66600-20260923/pulse-api.php	571
staging-66600-20260923/pulse-submit.php	2490
staging-66600-20260923/pulse.php	2841
staging-66600-20260923/robots.php	773
staging-66600-20260923/robots.txt	353
staging-66600-20260923/sitemap.php	906
staging-66600-20260923/submit-ad.php	162
staging-66600-20260923/submit-post.php	176
staging-66600-20260923/sw.js	9458
staging-66600-20260923/weather.php	2409
submit-ad.php	162
submit-post.php	176
sw.js	8536
weather.json	146
weather.json.lock	0
weather.php	2409
